Workbook

Sheet Bolts
A1: MATRIZ DE REGISTRO BOLTS – SIDERAE-BLENKIR
A2: Documento de control técnico del proyecto | Revisión final: 2026-06-24 | Fuente base: matriz generada por Antigravity + auditoría QA final
A3: Sistema Inteligente de Detección Temprana de Riesgo Académico y Deserción Estudiantil – Colegio Blenkir
A4: Intent | B4: ID del Bolt | C4: Descripción del Bolt | D4: Fase / Módulo | E4: ¿Implementación registrada? | F4: Evidencia de implementación | G4: ¿Pruebas ejecutadas? | H4: Evidencia de pruebas | I4: Estado | J4: Prioridad | K4: Responsable | L4: Tipo de Bolt | M4: Riesgo asociado | N4: Observaciones | O4: Fecha estimada | P4: Fecha de cierre
A5: INT-001 Configurar base del proyecto y entorno | B5: INT-001-BOLT-001 | C5: Configurar estructura base del repositorio del proyecto | D5: Entorno / DevOps | E5: Sí | F5: README.md, .gitignore, ARCHITECTURE.md, .cursorrules, AGENTS.md | G5: No | H5: No aplica | I5: Completado | J5: Alta | K5: Equipo SIDERAE | L5: DevOps | M5: Bajo | N5: Repositorio con frontend/, backend/, ml-service/, docs/, sprints/, tools/ | O5: 2026-04-20 | P5: 2026-04-23
A6: INT-001 Configurar base del proyecto y entorno | B6: INT-001-BOLT-002 | C6: Configurar Docker Compose con servicios frontend, backend, base de datos y microservicio ML | D6: Entorno / DevOps | E6: Sí | F6: docker-compose.yml (4 servicios: db-mysql, app-backend, app-frontend, ml-engine) | G6: No | H6: Pendiente de adjuntar | I6: Completado | J6: Alta | K6: Equipo SIDERAE | L6: DevOps | M6: Bajo | N6: Docker Compose funcional con MySQL 8, Laravel, Vite y Flask | O6: 2026-04-20 | P6: 2026-04-23
A7: INT-001 Configurar base del proyecto y entorno | B7: INT-001-BOLT-003 | C7: Configurar variables de entorno sin credenciales expuestas | D7: Entorno / DevOps | E7: Sí | F7: backend/.env.example, frontend/.env.example, ml-service/.env.example | G7: No | H7: No aplica | I7: Completado | J7: Alta | K7: Equipo SIDERAE | L7: DevOps | M7: Bajo | N7: Archivos .env.example sin credenciales reales; .env en .gitignore | O7: 2026-04-20 | P7: 2026-04-23
A8: INT-001 Configurar base del proyecto y entorno | B8: INT-001-BOLT-004 | C8: Configurar conexión Laravel con MySQL | D8: Backend | E8: Sí | F8: backend/config/database.php, docker-compose.yml (servicio db-mysql) | G8: No | H8: No aplica | I8: Completado | J8: Alta | K8: Ernesto Marcial Constantino Chuchon Sotelo | L8: Backend | M8: Bajo | N8: Conexión MySQL configurada vía variables de entorno | O8: 2026-04-20 | P8: 2026-04-23
A9: INT-001 Configurar base del proyecto y entorno | B9: INT-001-BOLT-005 | C9: Configurar frontend React con Vite | D9: Frontend | E9: Sí | F9: frontend/vite.config.js, frontend/package.json, frontend/index.html | G9: No | H9: No aplica | I9: Completado | J9: Alta | K9: Diego Ricardo Carhuamaca Vasquez | L9: Frontend | M9: Bajo | N9: React + Vite + TailwindCSS configurado | O9: 2026-04-20 | P9: 2026-04-23
A10: INT-001 Configurar base del proyecto y entorno | B10: INT-001-BOLT-006 | C10: Configurar microservicio Flask para análisis de riesgo | D10: ML / Backend | E10: Sí | F10: ml-service/main.py; backend/app/Services/MlRiskService.php | G10: Sí | H10: backend/tests/Feature/RiesgoTest.php; docs/evidencias/sonarqube/ | I10: Completado | J10: Alta | K10: Ernesto Marcial Constantino Chuchon Sotelo | L10: ML | M10: Bajo | N10: Microservicio Flask /predict funcional e integrado con Laravel. Observación QA corregida con evidencias de pruebas backend y análisis SonarQube. | O10: 2026-04-20 | P10: 2026-06-24
A11: INT-001 Configurar base del proyecto y entorno | B11: INT-001-BOLT-007 | C11: Validar que los contenedores levanten correctamente | D11: Entorno / DevOps | E11: Sí | F11: docker-compose.yml (healthcheck en mysql, depends_on con condition) | G11: No | H11: Pendiente de adjuntar | I11: En proceso | J11: Media | K11: Equipo SIDERAE | L11: DevOps | M11: Medio | N11: Healthcheck MySQL configurado; falta prueba automatizada de levantamiento completo | O11: 2026-04-25 | P11: Pendiente
A12: INT-001 Configurar base del proyecto y entorno | B12: INT-001-BOLT-008 | C12: Documentar comandos básicos de instalación y ejecución | D12: Documentación | E12: Sí | F12: README.md, docs/instalacion-docker.md, docs/manual-tecnico.md | G12: No | H12: No aplica | I12: Completado | J12: Media | K12: Equipo SIDERAE | L12: Documentación | M12: Bajo | N12: README con instrucciones de Docker Compose, manual técnico y de instalación | O12: 2026-04-25 | P12: 2026-05-05
A13: INT-002 Autenticación, usuarios y roles | B13: INT-002-BOLT-001 | C13: Implementar login de usuarios | D13: Autenticación | E13: Sí | F13: backend/app/Http/Controllers/Auth/AuthenticatedSessionController.php, frontend/src/components/LoginForm.jsx | G13: Sí | H13: backend/tests/Feature/Auth/AuthenticationTest.php | I13: Completado | J13: Alta | K13: Ernesto Marcial Constantino Chuchon Sotelo | L13: Backend | M13: Bajo | N13: Login funcional con Sanctum + formulario React | O13: 2026-04-23 | P13: 2026-04-23
A14: INT-002 Autenticación, usuarios y roles | B14: INT-002-BOLT-002 | C14: Configurar Laravel Sanctum para autenticación | D14: Autenticación | E14: Sí | F14: backend/composer.json (laravel/sanctum ^4.0), backend/config/sanctum.php, backend/database/migrations/2026_04_23_013824_create_personal_access_tokens_table.php | G14: Sí | H14: backend/tests/Feature/Auth/AuthenticationTest.php | I14: Completado | J14: Alta | K14: Ernesto Marcial Constantino Chuchon Sotelo | L14: Backend | M14: Bajo | N14: Sanctum v4 instalado y configurado con migración de tokens | O14: 2026-04-23 | P14: 2026-04-23
A15: INT-002 Autenticación, usuarios y roles | B15: INT-002-BOLT-003 | C15: Crear roles del sistema | D15: Autenticación | E15: Sí | F15: backend/database/seeders/RolesSeeder.php, backend/database/seeders/PermissionsSeeder.php (roles: administrador, docente, coordinador_academico, psicologo_tutor, directivo) | G15: Sí | H15: backend/tests/Feature/GestionUsuariosTest.php | I15: Completado | J15: Alta | K15: Ernesto Marcial Constantino Chuchon Sotelo | L15: Backend | M15: Bajo | N15: 5 roles creados; falta rol 'secretaria_matricula' como rol independiente | O15: 2026-04-23 | P15: 2026-04-23
... A238: INT-020 Validación con el Colegio Blenkir | B238: INT-020-BOLT-012 | C238: Preparar presentación para director o docente | D238: Validación institucional | E238: No | F238: Pendiente de adjuntar | G238: No | H238: No aplica | I238: Pendiente | J238: Alta | K238: Equipo SIDERAE | L238: Documentación | M238: Medio | N238: Presentación formal para el colegio pendiente de elaboración | O238: 2026-07-15 | P238: Pendiente

Sheet Resumen
A1: SIDERAE-Blenkir — Panel Resumen de Matriz Bolts
A2: Revisión generada: 2026-06-24 | Datos desde hoja Bolts | Fórmulas actualizables
A4: Indicador | B4: Valor | C4: Detalle | F4: Estado | G4: Cantidad
A5: Total de Bolts | B5: =COUNTA(Bolts!$B$5:$B$238) -> 234 | C5: Cantidad total de tareas registradas | F5: Completado | G5: =COUNTIF(Bolts!$I$5:$I$238,"Completado") -> 160
A6: Completados | B6: =COUNTIF(Bolts!$I$5:$I$238,"Completado") -> 160 | C6: Bolts cerrados sin observación | F6: En proceso | G6: =COUNTIF(Bolts!$I$5:$I$238,"En proceso") -> 47
A7: En proceso | B7: =COUNTIF(Bolts!$I$5:$I$238,"En proceso") -> 47 | C7: Bolts en avance | F7: Pendiente | G7: =COUNTIF(Bolts!$I$5:$I$238,"Pendiente") -> 25
A8: Pendientes | B8: =COUNTIF(Bolts!$I$5:$I$238,"Pendiente") -> 25 | C8: Bolts por iniciar o sin evidencia | F8: Observado | G8: =COUNTIF(Bolts!$I$5:$I$238,"Observado") -> 2
A9: Observados | B9: =COUNTIF(Bolts!$I$5:$I$238,"Observado") -> 2 | C9: Bolts con inconsistencias de evidencia o pruebas | F9: No implementado | G9: =COUNTIF(Bolts!$I$5:$I$238,"No implementado") -> 0
A10: No implementados | B10: =COUNTIF(Bolts!$I$5:$I$238,"No implementado") -> 0 | C10: Bolts descartados o no desarrollados
A11: % de avance | B11: =IFERROR(B6/B5,0) -> 0.68376068 | C11: Completados / Total
A13: Prioridad | B13: Cantidad | D13: Evidencia / Pruebas | E13: Cantidad
A14: Alta | B14: =COUNTIF(Bolts!$J$5:$J$238,"Alta") -> 169 | D14: Con implementación registrada | E14: =COUNTIF(Bolts!$E$5:$E$238,"Sí") -> 208
A15: Media | B15: =COUNTIF(Bolts!$J$5:$J$238,"Media") -> 64 | D15: Sin implementación registrada | E15: =COUNTIF(Bolts!$E$5:$E$238,"No") -> 25
A16: Baja | B16: =COUNTIF(Bolts!$J$5:$J$238,"Baja") -> 1 | D16: Con pruebas ejecutadas | E16: =COUNTIF(Bolts!$G$5:$G$238,"Sí") -> 160
D17: Sin pruebas ejecutadas | E17: =COUNTIF(Bolts!$G$5:$G$238,"No") -> 72
A20: Intent | B20: Total | C20: Completados | D20: Pendientes/Observados | E20: % Avance | G20: Responsable | H20: Total | I20: Completados | J20: % Avance
A21: INT-001 Configurar base del proyecto y entorno | B21: =COUNTIF(Bolts!$A$5:$A$238,A21) -> 8 | C21: =COUNTIFS(Bolts!$A$5:$A$238,A21,Bolts!$I$5:$I$238,"Completado") -> 7 | D21: =COUNTIFS(Bolts!$A$5:$A$238,A21,Bolts!$I$5:$I$238,"Pendiente")+COUNTIFS(Bolts!$A$5:$A$238,A21,Bolts!$I$5:$I$238,"Observado")+COUNTIFS(Bolts!$A$5:$A$238,A21,Bolts!$I$5:$I$238,"No implementado") -> 0 | E21: =IFERROR(C21/B21,0) -> 0.875 | G21: Diego Ricardo Carhuamaca Vasquez | H21: =COUNTIF(Bolts!$K$5:$K$238,G21) -> 45 | I21: =COUNTIFS(Bolts!$K$5:$K$238,G21,Bolts!$I$5:$I$238,"Completado") -> 23 | J21: =IFERROR(I21/H21,0) -> 0.51111111
A22: INT-002 Autenticación, usuarios y roles | B22: =COUNTIF(Bolts!$A$5:$A$238,A22) -> 11 | C22: =COUNTIFS(Bolts!$A$5:$A$238,A22,Bolts!$I$5:$I$238,"Completado") -> 10 | D22: =COUNTIFS(Bolts!$A$5:$A$238,A22,Bolts!$I$5:$I$238,"Pendiente")+COUNTIFS(Bolts!$A$5:$A$238,A22,Bolts!$I$5:$I$238,"Observado")+COUNTIFS(Bolts!$A$5:$A$238,A22,Bolts!$I$5:$I$238,"No implementado") -> 0 | E22: =IFERROR(C22/B22,0) -> 0.90909091 | G22: Ernesto Marcial Constantino Chuchon Sotelo | H22: =COUNTIF(Bolts!$K$5:$K$238,G22) -> 130 | I22: =COUNTIFS(Bolts!$K$5:$K$238,G22,Bolts!$I$5:$I$238,"Completado") -> 104 | J22: =IFERROR(I22/H22,0) -> 0.8
A23: INT-003 Gestión de estudiantes | B23: =COUNTIF(Bolts!$A$5:$A$238,A23) -> 10 | C23: =COUNTIFS(Bolts!$A$5:$A$238,A23,Bolts!$I$5:$I$238,"Completado") -> 8 | D23: =COUNTIFS(Bolts!$A$5:$A$238,A23,Bolts!$I$5:$I$238,"Pendiente")+COUNTIFS(Bolts!$A$5:$A$238,A23,Bolts!$I$5:$I$238,"Observado")+COUNTIFS(Bolts!$A$5:$A$238,A23,Bolts!$I$5:$I$238,"No implementado") -> 1 | E23: =IFERROR(C23/B23,0) -> 0.8 | G23: Equipo SIDERAE | H23: =COUNTIF(Bolts!$K$5:$K$238,G23) -> 59 | I23: =COUNTIFS(Bolts!$K$5:$K$238,G23,Bolts!$I$5:$I$238,"Completado") -> 33 | J23: =IFERROR(I23/H23,0) -> 0.55932203
A24: INT-004 Configuración académica por nivel y grado | B24: =COUNTIF(Bolts!$A$5:$A$238,A24) -> 19 | C24: =COUNTIFS(Bolts!$A$5:$A$238,A24,Bolts!$I$5:$I$238,"Completado") -> 18 | D24: =COUNTIFS(Bolts!$A$5:$A$238,A24,Bolts!$I$5:$I$238,"Pendiente")+COUNTIFS(Bolts!$A$5:$A$238,A24,Bolts!$I$5:$I$238,"Observado")+COUNTIFS(Bolts!$A$5:$A$238,A24,Bolts!$I$5:$I$238,"No implementado") -> 0 | E24: =IFERROR(C24/B24,0) -> 0.94736842
A25: INT-005 Registro de notas | B25: =COUNTIF(Bolts!$A$5:$A$238,A25) -> 16 | C25: =COUNTIFS(Bolts!$A$5:$A$238,A25,Bolts!$I$5:$I$238,"Completado") -> 13 | D25: =COUNTIFS(Bolts!$A$5:$A$238,A25,Bolts!$I$5:$I$238,"Pendiente")+COUNTIFS(Bolts!$A$5:$A$238,A25,Bolts!$I$5:$I$238,"Observado")+COUNTIFS(Bolts!$A$5:$A$238,A25,Bolts!$I$5:$I$238,"No implementado") -> 0 | E25: =IFERROR(C25/B25,0) -> 0.8125
A26: INT-006 Importación de plantillas Excel | B26: =COUNTIF(Bolts!$A$5:$A$238,A26) -> 14 | C26: =COUNTIFS(Bolts!$A$5:$A$238,A26,Bolts!$I$5:$I$238,"Completado") -> 7 | D26: =COUNTIFS(Bolts!$A$5:$A$238,A26,Bolts!$I$5:$I$238,"Pendiente")+COUNTIFS(Bolts!$A$5:$A$238,A26,Bolts!$I$5:$I$238,"Observado")+COUNTIFS(Bolts!$A$5:$A$238,A26,Bolts!$I$5:$I$238,"No implementado") -> 4 | E26: =IFERROR(C26/B26,0) -> 0.5
A27: INT-007 Registro de asistencia | B27: =COUNTIF(Bolts!$A$5:$A$238,A27) -> 11 | C27: =COUNTIFS(Bolts!$A$5:$A$238,A27,Bolts!$I$5:$I$238,"Completado") -> 9 | D27: =COUNTIFS(Bolts!$A$5:$A$238,A27,Bolts!$I$5:$I$238,"Pendiente")+COUNTIFS(Bolts!$A$5:$A$238,A27,Bolts!$I$5:$I$238,"Observado")+COUNTIFS(Bolts!$A$5:$A$238,A27,Bolts!$I$5:$I$238,"No implementado") -> 0 | E27: =IFERROR(C27/B27,0) -> 0.81818182
A28: INT-008 ETA / Fast Test | B28: =COUNTIF(Bolts!$A$5:$A$238,A28) -> 9 | C28: =COUNTIFS(Bolts!$A$5:$A$238,A28,Bolts!$I$5:$I$238,"Completado") -> 7 | D28: =COUNTIFS(Bolts!$A$5:$A$238,A28,Bolts!$I$5:$I$238,"Pendiente")+COUNTIFS(Bolts!$A$5:$A$238,A28,Bolts!$I$5:$I$238,"Observado")+COUNTIFS(Bolts!$A$5:$A$238,A28,Bolts!$I$5:$I$238,"No implementado") -> 2 | E28: =IFERROR(C28/B28,0) -> 0.77777778
A29: INT-009 Reportes conductuales y tutoría | B29: =COUNTIF(Bolts!$A$5:$A$238,A29) -> 8 | C29: =COUNTIFS(Bolts!$A$5:$A$238,A29,Bolts!$I$5:$I$238,"Completado") -> 5 | D29: =COUNTIFS(Bolts!$A$5:$A$238,A29,Bolts!$I$5:$I$238,"Pendiente")+COUNTIFS(Bolts!$A$5:$A$238,A29,Bolts!$I$5:$I$238,"Observado")+COUNTIFS(Bolts!$A$5:$A$238,A29,Bolts!$I$5:$I$238,"No implementado") -> 1 | E29: =IFERROR(C29/B29,0) -> 0.625
A30: INT-010 Variables socioeconómicas y datos familiares | B30: =COUNTIF(Bolts!$A$5:$A$238,A30) -> 9 | C30: =COUNTIFS(Bolts!$A$5:$A$238,A30,Bolts!$I$5:$I$238,"Completado") -> 3 | D30: =COUNTIFS(Bolts!$A$5:$A$238,A30,Bolts!$I$5:$I$238,"Pendiente")+COUNTIFS(Bolts!$A$5:$A$238,A30,Bolts!$I$5:$I$238,"Observado")+COUNTIFS(Bolts!$A$5:$A$238,A30,Bolts!$I$5:$I$238,"No implementado") -> 2 | E30: =IFERROR(C30/B30,0) -> 0.33333333
A31: INT-011 Procesamiento del riesgo académico | B31: =COUNTIF(Bolts!$A$5:$A$238,A31) -> 15 | C31: =COUNTIFS(Bolts!$A$5:$A$238,A31,Bolts!$I$5:$I$238,"Completado") -> 15 | D31: =COUNTIFS(Bolts!$A$5:$A$238,A31,Bolts!$I$5:$I$238,"Pendiente")+COUNTIFS(Bolts!$A$5:$A$238,A31,Bolts!$I$5:$I$238,"Observado")+COUNTIFS(Bolts!$A$5:$A$238,A31,Bolts!$I$5:$I$238,"No implementado") -> 0 | E31: =IFERROR(C31/B31,0) -> 1
A32: INT-012 Microservicio de Machine Learning | B32: =COUNTIF(Bolts!$A$5:$A$238,A32) -> 10 | C32: =COUNTIFS(Bolts!$A$5:$A$238,A32,Bolts!$I$5:$I$238,"Completado") -> 8 | D32: =COUNTIFS(Bolts!$A$5:$A$238,A32,Bolts!$I$5:$I$238,"Pendiente")+COUNTIFS(Bolts!$A$5:$A$238,A32,Bolts!$I$5:$I$238,"Observado")+COUNTIFS(Bolts!$A$5:$A$238,A32,Bolts!$I$5:$I$238,"No implementado") -> 1 | E32: =IFERROR(C32/B32,0) -> 0.8
A33: INT-013 Alertas tempranas | B33: =COUNTIF(Bolts!$A$5:$A$238,A33) -> 10 | C33: =COUNTIFS(Bolts!$A$5:$A$238,A33,Bolts!$I$5:$I$238,"Completado") -> 8 | D33: =COUNTIFS(Bolts!$A$5:$A$238,A33,Bolts!$I$5:$I$238,"Pendiente")+COUNTIFS(Bolts!$A$5:$A$238,A33,Bolts!$I$5:$I$238,"Observado")+COUNTIFS(Bolts!$A$5:$A$238,A33,Bolts!$I$5:$I$238,"No implementado") -> 1 | E33: =IFERROR(C33/B33,0) -> 0.8
A34: INT-014 Intervenciones y seguimiento | B34: =COUNTIF(Bolts!$A$5:$A$238,A34) -> 10 | C34: =COUNTIFS(Bolts!$A$5:$A$238,A34,Bolts!$I$5:$I$238,"Completado") -> 7 | D34: =COUNTIFS(Bolts!$A$5:$A$238,A34,Bolts!$I$5:$I$238,"Pendiente")+COUNTIFS(Bolts!$A$5:$A$238,A34,Bolts!$I$5:$I$238,"Observado")+COUNTIFS(Bolts!$A$5:$A$238,A34,Bolts!$I$5:$I$238,"No implementado") -> 0 | E34: =IFERROR(C34/B34,0) -> 0.7
A35: INT-015 Dashboard y reportes | B35: =COUNTIF(Bolts!$A$5:$A$238,A35) -> 14 | C35: =COUNTIFS(Bolts!$A$5:$A$238,A35,Bolts!$I$5:$I$238,"Completado") -> 10 | D35: =COUNTIFS(Bolts!$A$5:$A$238,A35,Bolts!$I$5:$I$238,"Pendiente")+COUNTIFS(Bolts!$A$5:$A$238,A35,Bolts!$I$5:$I$238,"Observado")+COUNTIFS(Bolts!$A$5:$A$238,A35,Bolts!$I$5:$I$238,"No implementado") -> 3 | E35: =IFERROR(C35/B35,0) -> 0.71428571
... A40: INT-020 Validación con el Colegio Blenkir | B40: =COUNTIF(Bolts!$A$5:$A$238,A40) -> 12 | C40: =COUNTIFS(Bolts!$A$5:$A$238,A40,Bolts!$I$5:$I$238,"Completado") -> 1 | D40: =COUNTIFS(Bolts!$A$5:$A$238,A40,Bolts!$I$5:$I$238,"Pendiente")+COUNTIFS(Bolts!$A$5:$A$238,A40,Bolts!$I$5:$I$238,"Observado")+COUNTIFS(Bolts!$A$5:$A$238,A40,Bolts!$I$5:$I$238,"No implementado") -> 3 | E40: =IFERROR(C40/B40,0) -> 0.083333333

Sheet Correcciones QA
A1: CORRECCIONES QA CERRADAS – REVISIÓN FINAL
A2: Actualización: 2026-06-24. Se actualiza la trazabilidad tras evidencias de pruebas backend, frontend Cypress y SonarQube.
A4: ID del Bolt | B4: Intent | C4: Estado anterior | D4: Estado final | E4: Evidencia / motivo de cierre
A5: INT-001-BOLT-006 | B5: INT-001 Configurar base del proyecto y entorno | C5: Observado | D5: Completado | E5: Microservicio Flask /predict funcional e integrado con Laravel. Observación QA corregida con evidencias de pruebas backend y análisis SonarQube.
A6: INT-002-BOLT-007 | B6: INT-002 Autenticación, usuarios y roles | C6: Observado | D6: Completado | E6: Endpoint GET /api/me funcional; devuelve usuario, roles y permisos. Validado por integración frontend y pruebas Cypress con intercepts.
A7: INT-005-BOLT-014 | B7: INT-005 Registro de notas | C7: Observado | D7: Completado | E7: Formulario de notas semanales implementado en frontend. Validado mediante prueba Cypress y evidencia en docs/evidencias/pruebas_frontend.
A8: INT-006-BOLT-005 | B8: INT-006 Importación de plantillas Excel | C8: Observado | D8: Observado documentado | E8: Observado documentado: cursos, competencias, capacidades y temas se cargan mediante seeders y API, no por importación Excel directa. Decisión técnica V1.
A9: INT-006-BOLT-012 | B9: INT-006 Importación de plantillas Excel | C9: Pendiente | D9: Completado | E9: Importación/exportación Excel validada por pruebas backend y Cypress. Evidencia registrada en pruebas_backend y pruebas_frontend.
A10: INT-006-BOLT-013 | B10: INT-006 Importación de plantillas Excel | C10: Pendiente | D10: Completado | E10: Flujo de plantillas curriculares validado mediante pruebas backend y Cypress; cubierto por suite de importación/exportación Excel.
A11: INT-007-BOLT-008 | B11: INT-007 Registro de asistencia | C11: Pendiente | D11: Completado | E11: La asistencia forma parte del cálculo de riesgo académico; si supera umbral de riesgo, se genera alerta automática. Resuelto dentro del flujo de riesgo.
A12: INT-007-BOLT-011 | B12: INT-007 Registro de asistencia | C12: Observado | D12: Completado | E12: Panel frontend de asistencia curricular implementado y validado mediante prueba Cypress.
A13: INT-009-BOLT-001 | B13: INT-009 Reportes conductuales y tutoría | C13: Observado | D13: Completado | E13: Modelo de reporte conductual implementado con estructura y relaciones correspondientes. Observación QA corregida con evidencias técnicas.
A14: INT-009-BOLT-002 | B14: INT-009 Reportes conductuales y tutoría | C14: Pendiente | D14: Completado | E14: Registro de observaciones conductuales implementado mediante controller y método store().
A15: INT-009-BOLT-007 | B15: INT-009 Reportes conductuales y tutoría | C15: Pendiente | D15: Completado | E15: Registro de reporte conductual cubierto por pruebas backend aprobadas. Evidencia consolidada en suite PHPUnit.
... A20: INT-017-BOLT-007 | B20: INT-017 Seguridad y calidad | C20: Observado | D20: Completado | E20: No se identificaron credenciales sensibles versionadas. Valores de docker-compose.yml corresponden a entorno local/demo y el token SonarQube se usa por variable de entorno.
A22: Resumen | B22: Completados | C22: 14 | D22: Observados documentados | E22: 2

Sheet Pendientes críticos
A1: BOLTS CORREGIDOS, OBSERVADOS Y PENDIENTES
A2: Revisión final 2026-06-24: se actualizan los Bolts auditados con evidencias de PHPUnit, Cypress y SonarQube.
A4: Intent | B4: ID del Bolt | C4: Descripción | D4: Estado | E4: Prioridad | F4: Riesgo | G4: Responsable | H4: Observaciones
A5: INT-006 Importación de plantillas Excel | B5: INT-006-BOLT-005 | C5: Importar cursos, competencias, capacidades y temas | D5: Observado | E5: Media | F5: Bajo | G5: Ernesto Marcial Constantino Chuchon Sotelo | H5: Observado documentado: cursos, competencias, capacidades y temas se cargan mediante seeders y API, no por importación Excel directa. Decisión técnica V1.
A6: INT-012 Microservicio de Machine Learning | B6: INT-012-BOLT-008 | C6: Preparar estructura para modelos Random Forest, SVM o XGBoost | D6: Observado | E6: Alta | F6: Medio | G6: Ernesto Marcial Constantino Chuchon Sotelo | H6: Observado documentado: en V1 se implementó modelo determinístico de riesgo. Random Forest, SVM o XGBoost quedan como mejora futura fuera del alcance del prototipo académico.
A7: INT-017 Seguridad y calidad | B7: INT-017-BOLT-008 | C7: Ejecutar pruebas de seguridad básicas | D7: Pendiente | E7: Alta | F7: Alto | G7: Equipo SIDERAE | H7: No se encontraron pruebas de seguridad específicas (penetration test, OWASP)
A8: INT-017 Seguridad y calidad | B8: INT-017-BOLT-010 | C8: Corregir vulnerabilidades detectadas | D8: Pendiente | E8: Alta | F8: Alto | G8: Equipo SIDERAE | H8: Depende de ejecución de pruebas de seguridad; no se encontraron correcciones explícitas
A9: INT-018 Pruebas automáticas | B9: INT-018-BOLT-010 | C9: Ejecutar Laravel Dusk para pruebas funcionales | D9: Pendiente | E9: Media | F9: Alto | G9: Equipo SIDERAE | H9: Laravel Dusk no está instalado en el proyecto; falta agregar dependencia y configurar
A10: INT-019 Documentación académica y propiedad intelectual | B10: INT-019-BOLT-003 | C10: Elaborar declaración jurada de autoría | D10: Pendiente | E10: Alta | F10: Alto | G10: Equipo SIDERAE | H10: Documento legal pendiente de elaboración
A11: INT-019 Documentación académica y propiedad intelectual | B11: INT-019-BOLT-005 | C11: Elaborar representación legal o titularidad | D11: Pendiente | E11: Alta | F11: Alto | G11: Equipo SIDERAE | H11: Documento legal pendiente de elaboración
A12: INT-019 Documentación académica y propiedad intelectual | B12: INT-019-BOLT-007 | C12: Elaborar memoria descriptiva para INDECOPI | D12: Pendiente | E12: Alta | F12: Alto | G12: Equipo SIDERAE | H12: Memoria descriptiva para registro de software en INDECOPI pendiente
A13: INT-020 Validación con el Colegio Blenkir | B13: INT-020-BOLT-012 | C13: Preparar presentación para director o docente | D13: Pendiente | E13: Alta | F13: Medio | G13: Equipo SIDERAE | H13: Presentación formal para el colegio pendiente de elaboración
